"Dose","Response"
13.5,558
1.35,1975
0.135,2843
0.0135,2952
0.00135,3033
0.000135,2706
13.5,814
1.35,2324
0.135,2919
0.0135,2925
0.00135,2561
0.000135,2687
