"Dose","Response"
13.5,315
1.35,1168
0.135,1260
0.0135,1409
0.00135,1576
0.000135,1190
13.5,374
1.35,1222
0.135,1437
0.0135,1566
0.00135,1138
0.000135,775
