"Dose","Response"
13.5,869
1.35,1857
0.135,2454
0.0135,2533
0.00135,3074
0.000135,2636
13.5,765
1.35,3052
0.135,2595
0.0135,2890
0.00135,3182
0.000135,2879
