"Dose","Response"
13.5,301
1.35,714
0.135,1258
0.0135,1493
0.00135,1286
0.000135,1514
13.5,305
1.35,1233
0.135,994
0.0135,1167
0.00135,1438
0.000135,1091
