"Dose","Response"
13.5,88
1.35,506
0.135,765
0.0135,807
0.00135,1289
0.000135,1377
13.5,432
1.35,705
0.135,780
0.0135,905
0.00135,1089
0.000135,990
