"Dose","Response"
13.5,285
1.35,701
0.135,1149
0.0135,1358
0.00135,1609
0.000135,1250
13.5,379
1.35,1124
0.135,1147
0.0135,1271
0.00135,1173
0.000135,1491
