"Dose","Response"
13.5,287
1.35,838
0.135,1250
0.0135,1133
0.00135,1454
0.000135,1259
13.5,252
1.35,891
0.135,1450
0.0135,1151
0.00135,1201
0.000135,2021
