"Dose","Response"
13.5,594
1.35,2832
0.135,2659
0.0135,3665
0.00135,3235
0.000135,3112
13.5,935
1.35,2712
0.135,3125
0.0135,2158
0.00135,2731
0.000135,2515
