"Dose","Response"
13.5,425
1.35,2011
0.135,2952
0.0135,2813
0.00135,2621
0.000135,2282
13.5,500
1.35,2171
0.135,3145
0.0135,3279
0.00135,3382
0.000135,2579
