"Dose","Response"
13.5,59
1.35,1450
0.135,1654
0.0135,1685
0.00135,2055
0.000135,2380
13.5,266
1.35,987
0.135,1801
0.0135,1291
0.00135,1193
0.000135,1545
