"Dose","Response"
13.5,5
1.35,88
0.135,29
0.0135,21
0.00135,9
13.5,3
1.35,8
0.135,74
0.0135,14
0.00135,18
